start,end,inference,right,total,accuracy
1657923266.0174665,1657923307.1142817,39.33225917816162,8974,10000,89.74
