start,end,inference,right,total,accuracy
1657922992.5500069,1657923001.6447828,7.523783922195435,8990,10000,89.9
