start,end,inference,right,total,accuracy
1657922917.8769608,1657922924.4132133,5.0524985790252686,8960,10000,89.6
