start,end,inference,right,total,accuracy
1657304202.0969946,1657305339.776744,1104.4641938209534,9003,10000,90.03
