start,end,inference,right,total,accuracy
1657309236.0310347,1657311090.4913,1819.4857008457184,9293,10000,92.93
