start,end,inference,right,total,accuracy
1657301085.9501414,1657302461.760907,1342.3786253929138,9300,10000,93.0
