start,end,inference,right,total,accuracy
1657315362.1773026,1657316875.8303537,1478.4449138641357,8975,10000,89.75
