start,end,inference,right,total,accuracy
1657299379.5376458,1657300748.0130498,1335.1433455944061,9300,10000,93.0
