start,end,inference,right,total,accuracy
1657321439.81671,1657321914.6107016,447.67450737953186,8928,10000,89.28
