start,end,inference,right,total,accuracy
1657313549.8663375,1657315060.793983,1475.592467546463,8975,10000,89.75
