start,end,inference,right,total,accuracy
1657311391.8998582,1657313248.4423032,1821.399039030075,9293,10000,92.93
