start,end,inference,right,total,accuracy
1657317177.2891626,1657318692.3643017,1479.9799137115479,8975,10000,89.75
