start,end,inference,right,total,accuracy
1657318993.776789,1657319507.2473416,484.6767830848694,9270,10000,92.7
