start,end,inference,right,total,accuracy
1657320624.6104414,1657321138.438996,485.3088159561157,9270,10000,92.7
