start,end,inference,right,total,accuracy
1657319808.7278361,1657320323.1372647,485.83713388442993,9270,10000,92.7
