start,end,inference,right,total,accuracy
1657307078.1957836,1657308934.568289,1820.900773525238,9293,10000,92.93
