start,end,inference,right,total,accuracy
1657322216.047044,1657322690.4917946,447.5528781414032,8928,10000,89.28
