start,end,inference,right,total,accuracy
1657302763.2118447,1657303900.7241132,1103.530437707901,9003,10000,90.03
