start,end,inference,right,total,accuracy
1657297645.7862535,1657299028.3978589,1338.8365969657898,9300,10000,93.0
