start,end,inference,right,total,accuracy
1657305641.1440344,1657306776.7786715,1102.5262372493744,9003,10000,90.03
