start,end,inference,right,total,accuracy
1657322991.9441714,1657323467.4693935,448.5684497356415,8928,10000,89.28
