start,end,inference,right,total,accuracy
1657320364.239755,1657324424.3432968,4020.8278691768646,9294,10000,92.94
