start,end,inference,right,total,accuracy
1657349072.6877186,1657351193.9774704,2081.7390806674957,8917,10000,89.17
