start,end,inference,right,total,accuracy
1657297886.9357774,1657300071.4774938,2147.9509325027466,9300,10000,93.0
