start,end,inference,right,total,accuracy
1657346652.971168,1657348771.3509274,2079.802704334259,8917,10000,89.17
