start,end,inference,right,total,accuracy
1657316008.3312588,1657320062.9302187,4014.6860523223877,9294,10000,92.94
