start,end,inference,right,total,accuracy
1657328347.3826432,1657331700.9227352,3313.8324213027954,8980,10000,89.8
