start,end,inference,right,total,accuracy
1657300327.468804,1657302510.1865761,2146.0623269081116,9300,10000,93.0
