start,end,inference,right,total,accuracy
1657324725.783648,1657328045.9966893,3280.8358170986176,8980,10000,89.8
