start,end,inference,right,total,accuracy
1657302811.4988785,1657305011.7155652,2162.537618637085,9300,10000,93.0
