start,end,inference,right,total,accuracy
1657305313.0632985,1657307118.8973708,1768.9867508411407,9003,10000,90.03
