start,end,inference,right,total,accuracy
1657344239.4151862,1657346351.6294208,2073.000996351242,8917,10000,89.17
