start,end,inference,right,total,accuracy
1657335639.1552262,1657338201.964501,2523.9202189445496,9270,10000,92.7
