start,end,inference,right,total,accuracy
1657338503.2812076,1657341071.1563108,2529.7564890384674,9270,10000,92.7
