start,end,inference,right,total,accuracy
1657311657.7288191,1657315706.9469068,4009.751313686371,9294,10000,92.94
