start,end,inference,right,total,accuracy
1657341372.4217207,1657343938.0576727,2526.8960032463074,9270,10000,92.7
