start,end,inference,right,total,accuracy
1657307420.156693,1657309238.041827,1780.6569573879242,9003,10000,90.03
