start,end,inference,right,total,accuracy
1657332002.317451,1657335337.691267,3296.628785133362,8980,10000,89.8
