start,end,inference,right,total,accuracy
1657309539.4155943,1657311356.477351,1780.056843996048,9003,10000,90.03
